0.85440000,0.26660000,0.78590000,0.68540000,
0.75450000,0.45410000,0.51990000,0.39530000,
0.01570000,0.94210000,0.10000000,0.50870000,
0.67180000,0.96760000,0.79240000,0.48810000,
0.23700000,0.39790000,0.76320000,0.55090000,
0.42550000,0.49200000,0.08200000,0.59470000,
0.05880000,0.40740000,0.73140000,0.16870000,
0.70450000,0.07550000,0.40860000,0.57800000,
0.50030000,0.83640000,0.50850000,0.05430000,
0.68100000,0.87440000,0.20460000,0.69660000,
0.83970000,0.75240000,0.67720000,0.08590000,
0.47930000,0.01390000,0.89380000,0.52820000,
0.04710000,0.38150000,0.64420000,0.57380000,
0.51500000,0.27870000,0.82380000,0.06210000,
0.64850000,0.96390000,0.22620000,0.02190000,
0.51300000,0.52640000,0.62230000,0.93280000,
0.24190000,0.00010000,0.05080000,0.53610000,
0.69990000,0.97840000,0.00640000,0.49100000,
0.65950000,0.97520000,0.93920000,0.21190000,
0.14070000,0.12710000,0.59650000,0.25640000,
0.87030000,0.70040000,0.92600000,0.94670000,
0.79760000,0.89230000,0.30120000,0.84340000,
0.27750000,0.29740000,0.17980000,0.93990000,
0.33540000,0.43160000,0.19190000,0.63120000,
0.12720000,0.67090000,0.13850000,0.40710000,
0.09610000,0.00400000,0.21010000,0.89730000,
0.57450000,0.18690000,0.45290000,0.95050000,
0.19400000,0.31060000,0.02530000,0.92920000,
0.04360000,0.66350000,0.08680000,0.89660000,